,total,mean,min,max
adminblock,55.5,13.875,12.5,15.2
hostel,61.900000000000006,20.633333333333336,19.5,22.3
library,33.7,11.233333333333334,10.0,12.2
